title,publishTime,viewCount
How Many School Buses Can We Stack?,2023-09-05 16:59:57+00:00,488541283.0
Katana Vs Bullet,2023-09-07 17:00:01+00:00,1079900797.0
"Real Or Cake For $10,000",2024-08-29 16:00:00+00:00,228789493.0
"Reach the Money, Win $10,000",2025-02-14 18:15:00+00:00,465391735.0
This obstacle course is WILD,2025-01-10 17:00:00+00:00,201815761.0
Do Men Lie About Their Height?,2023-02-14 21:00:14+00:00,538778605.0
Extreme Helmet Game,2025-04-25 16:15:00+00:00,201683856.0
Holding Bigger And Bigger Dogs,2024-09-16 18:00:00+00:00,308086098.0
Every YouTube Play Button I Have,2025-08-15 16:00:01+00:00,70515937.0
Giving iPhones Instead Of Candy on Halloween,2022-11-02 21:00:01+00:00,1569192766.0
"Subscribe to Win $50,000",2025-05-07 16:00:01+00:00,67400490.0
"Buy Feastables, Win Unlimited Money",2024-04-30 16:00:00+00:00,380094810.0
"$100,000,000 Bathroom",2023-10-17 17:00:00+00:00,342646664.0
I Cooked A Pizza With Power Tools,2025-09-23 16:00:07+00:00,14361715.0
Which Celebrity Punches The Hardest?,2025-09-19 16:00:03+00:00,64439352.0
"Answer The Call, Win $10,000",2025-09-16 17:00:04+00:00,119012283.0
Would You Fly To Paris For A Baguette?,2022-12-08 20:12:27+00:00,1620357191.0
I Got Hunted By A Real Bounty Hunter,2021-04-24 20:00:00+00:00,232914247.0
I Built Willy Wonka&#39;s Chocolate Factory!,2022-06-04 20:00:02+00:00,359322709.0
"I Helped 2,000 People Walk Again",2025-01-11 17:00:02+00:00,120756944.0
I Ate The World‚Äôs Largest Slice Of Pizza,2020-08-01 20:00:02+00:00,316004160.0
I Won Every Prize At A Theme Park,2019-08-15 19:59:59+00:00,187001114.0
I Spent 7 Days Buried Alive,2023-11-18 17:00:01+00:00,274372440.0
7 Days Stranded At Sea,2023-08-05 16:00:01+00:00,389878258.0
Hydraulic Press Vs Lamborghini,2022-12-10 21:00:01+00:00,260320139.0
I Paid A Real Assassin To Try To Kill Me,2023-03-18 20:00:01+00:00,319377249.0
World&#39;s Most Dangerous Trap!,2023-10-07 16:00:00+00:00,318847539.0
I Survived 50 Hours In A Maximum Security Prison,2021-06-26 20:00:02+00:00,289690211.0
I Filled My Brother‚Äôs House With Slime &amp; Bought Him A New One,2020-10-10 20:00:31+00:00,256346334.0
I Spent 50 Hours Buried Alive,2021-03-27 20:00:04+00:00,336042951.0
11 YouTubers Fight For Private Jet!,2022-11-12 21:00:00+00:00,239509986.0
In 10 Minutes This Room Will Explode!,2024-04-27 16:00:00+00:00,160489240.0
"$10,000 Every Day You Survive In A Grocery Store",2023-12-02 17:00:00+00:00,454019375.0
"Last To Leave Circle Wins $500,000",2021-08-31 20:01:03+00:00,534156496.0
"Would You Sit In Snakes For $10,000?",2021-04-10 21:00:07+00:00,369634743.0
"Last To Leave Revolving Door Wins $50,000",2019-07-02 20:00:01+00:00,169015904.0
"Going Through The Same Drive Thru 1,000 Times",2019-10-05 20:00:08+00:00,308556924.0
"Lambo Race, Winner Keeps Lambo",2020-02-08 21:00:02+00:00,150275773.0
"Protect $500,000 Keep It!",2024-01-13 17:00:00+00:00,183602366.0
"Extreme $100,000 Game of Tag!",2021-04-17 20:00:00+00:00,265467252.0
"Beat Neymar, Win $500,000",2025-05-24 16:00:01+00:00,153252811.0
I Spent 50 Hours In Solitary Confinement,2020-05-30 20:10:08+00:00,336867753.0
"Last To Take Hand Off $1,000,000 Keeps It",2019-12-19 21:00:12+00:00,147611458.0
"Would You Rather Have $100,000 OR This Mystery Key?",2020-06-13 20:00:01+00:00,270290904.0
7 Days Exploring An Underground City,2024-10-12 16:00:00+00:00,162153520.0
"Last to Leave Their Circle Wins $500,000",2025-03-01 17:00:01+00:00,189550039.0
"Last To Fall Wins $1,000,000 (Part 1)",2019-11-14 21:00:31+00:00,168231079.0
Minimum Wage,2015-05-07 23:27:32+00:00,77634.0
I Adopted EVERY Dog In A Dog Shelter,2020-07-23 20:00:11+00:00,271609834.0
I Bought One Snickers Bar From Every Walmart,2018-01-13 23:15:01+00:00,45044502.0
Surprising TFue With A Fortnite Battle Bus In Real Life,2018-12-07 22:11:00+00:00,103056190.0
"$10,000 Every Day You Survive In The Wilderness",2024-06-01 16:00:00+00:00,311136468.0
I Hate Spam On Youtube,2015-07-12 19:08:52+00:00,59734.0
I Survived 50 Hours In Antarctica,2022-12-24 20:59:59+00:00,243916153.0
Cut Coms vs Uncut Coms,2015-05-09 06:53:13+00:00,59559.0
"I Ate $100,000 Golden Ice Cream",2021-01-22 21:00:03+00:00,295680876.0
"100 Boys Vs 100 Girls For $500,000",2022-07-23 20:00:09+00:00,278151140.0
7k SUBS! Smashing Ghost + AW! Plus Channel Talk!,2015-09-09 21:48:18+00:00,91267.0
SAT And Some Random Stuff,2015-08-04 22:14:13+00:00,59558.0
"Attempting The Impossible Maze - $10,000 Challenge",2018-08-15 21:08:59+00:00,57082220.0
If You Click This Video I&#39;ll Give My Friend .001$,2020-05-23 21:01:02+00:00,225889526.0
I Spent 24 Hours Straight At Area 51,2019-08-02 21:00:01+00:00,187658756.0
Quitting?,2015-02-06 22:27:38+00:00,138367.0
Amazing minecraft Cathedral!,2013-04-21 01:36:32+00:00,430220.0
MrBeast‚Äôs Most Viewed Videos,2025-04-15 21:06:25+00:00,
I Didn‚Äôt Eat Food For 30 Days,2022-07-02 20:00:02+00:00,124871069.0
"Survive 30 Days Chained To Your Ex, Win $250,000",2025-09-13 16:00:01+00:00,105154636.0
I Arrested IShowSpeed,2025-09-12 17:00:01+00:00,44660806.0
I Survived 7 Days In An Abandoned City,2024-03-02 17:00:00+00:00,304764092.0
"$1 vs $1,000,000,000 Yacht!",2023-06-10 16:00:00+00:00,496654629.0
"$1 vs $10,000,000 Job!",2023-11-25 17:00:00+00:00,283484878.0
"Men Vs Women Survive In The Wilderness For $500,000",2024-09-07 16:00:00+00:00,200377690.0
I Spent 7 Days In Solitary Confinement,2023-12-30 17:00:03+00:00,259904603.0
"$1 vs $100,000,000 Car!",2023-09-16 16:00:01+00:00,485652438.0
I Built 100 Houses And Gave Them Away!,2024-06-29 16:00:00+00:00,220403238.0
"Survive 100 Days In Prison, Win $500,000",2025-08-16 19:00:02+00:00,111073495.0
"$456,000 Squid Game In Real Life!",2021-11-24 21:00:01+00:00,876009287.0
"2,000,000 People Get Clean Water For The First Time!",2025-08-01 16:00:01+00:00,70617165.0
7 Days Stranded On An Island,2024-03-30 16:00:01+00:00,416571856.0
"$1 vs $100,000,000 House!",2023-10-14 16:00:00+00:00,377466351.0
"$50,000 Game Of Extreme Hide And Seek - Challenge",2019-11-28 21:00:01+00:00,167629488.0
"Survive 100 Days In Nuclear Bunker, Win $500,000",2024-08-03 16:00:00+00:00,323943968.0
"50 YouTubers Fight For $1,000,000",2024-07-13 16:00:01+00:00,406946729.0
"Lose 100 LBs, Win $250,000!",2025-06-21 16:00:01+00:00,197568405.0
"$10,000 Every Day You Survive Prison",2022-04-09 20:00:00+00:00,242085129.0
"Survive 100 Days Trapped, Win $500,000",2023-12-16 17:00:01+00:00,420594306.0
"Survive 100 Days Trapped In A Private Jet, Keep It",2025-07-19 16:00:01+00:00,130752065.0
I Spent 100 Hours Inside The Pyramids!,2025-02-08 17:00:00+00:00,218074869.0
"$1 vs $1,000,000,000 Nuclear Bunker!",2025-08-30 16:00:11+00:00,99558928.0
I Mailed Myself IN A BOX &amp; it REALLY WORKED! (Human Mail Challenge),2016-11-30 02:31:18+00:00,16503102.0
Microwaving A Microwave,2016-12-09 02:45:18+00:00,11809763.0
"Would You Quit School For $100,000?",2021-07-10 20:00:09+00:00,186576565.0
I Opened A Restaurant That Pays You To Eat At It,2020-12-19 22:00:03+00:00,200062645.0
Surviving 24 Hours Straight In A Desert,2019-03-16 20:05:00+00:00,183368625.0
"Last To Leave $800,000 Island Keeps It",2020-08-15 20:00:02+00:00,289170983.0
I Raced IShowSpeed,2025-09-01 20:45:41+00:00,233028571.0
"Lamborghini Race, Winner Keeps Lamborghini",2020-02-08 21:00:02+00:00,150088573.0
1 Subscriber = 1 Penny Donated,2025-08-29 16:00:10+00:00,243840857.0
"$1 vs $100,000 Firework!",2020-07-03 21:00:20+00:00,250554768.0
World&#39;s Most Expensive Flights!,2023-04-01 20:00:04+00:00,513189313.0
Can I Survive A Plane Crash?,2022-08-20 20:00:00+00:00,222977342.0
"Pick The Wrong Tube, Get Slimed",2025-08-27 16:00:02+00:00,75750795.0
"We Raised Over $40,000,000 For #TeamWater",2025-09-01 01:01:21+00:00,4374672.0
Surviving 24 Hours Straight In A Rain Forest,2019-09-21 21:00:00+00:00,143808264.0
"Last To Leave Roller Coaster Wins $20,000 - Challenge",2019-08-17 20:00:00+00:00,166186208.0
"Streaming Until We Raise $40,000,000 For Charity",2025-08-27 15:08:57+00:00,807538.0
Click This Video To Feed 1 Person,2025-04-12 16:00:01+00:00,71277968.0
Reaction Time Challenge,2025-08-19 16:00:02+00:00,78460023.0
I Am The World‚Äôs Greatest Samurai,2020-09-18 13:15:01+00:00,481022907.0
Every Minute One Person Is Eliminated,2025-01-25 17:00:01+00:00,134312782.0
"100 Kids Fight Parents For $500,000",2022-12-03 21:00:00+00:00,316476511.0
World&#39;s Fastest Car Vs Cheetah!,2025-07-05 16:00:01+00:00,148295927.0
"Press This Button To Win $100,000!",2020-11-14 21:00:02+00:00,349264240.0
I Survived 24 Hours Straight In Ice,2020-10-29 20:17:44+00:00,179936547.0
I Bought Everything In 5 Stores,2021-01-09 21:01:25+00:00,197790265.0
I Ran A Marathon In The World&#39;s Largest Shoes,2020-03-21 20:00:02+00:00,186737819.0
I Opened The World&#39;s First FREE Store,2019-06-15 20:00:00+00:00,96624396.0
"Last To Leave Slime Pit Wins $20,000 - Challenge",2018-11-30 21:11:01+00:00,149483469.0
"$1 vs $500,000 Date",2025-06-07 16:00:00+00:00,126638720.0
"Last Youtuber To Leave Wins $100,000 - Challenge",2018-12-12 21:00:02+00:00,106076151.0
"100 Identical Twins Fight For $250,000",2024-09-28 16:00:00+00:00,171980261.0
I Opened The World‚Äôs Cheapest Store,2019-01-26 21:05:00+00:00,41682158.0
Playing Battleship With Real Ships,2019-04-06 20:05:58+00:00,38469507.0
"20,000 Magnets Vs A Car",2019-01-14 22:05:00+00:00,34430624.0
"Get This Random Person 1,000,000 Subscribers",2020-09-05 20:00:17+00:00,87286201.0
Tying My Shoes In Every State (World Record),2018-03-16 22:09:02+00:00,18147636.0
I Gave A Homeless Man A Home,2019-02-28 22:06:00+00:00,86226016.0
"Beat Ronaldo, Win $1,000,000",2024-11-30 17:00:00+00:00,312270223.0
Do Pawnshops Scam You?,2023-06-03 16:59:57+00:00,399293960.0
"$1 vs $25,000 VFX",2025-06-19 17:00:41+00:00,77897421.0
"I Searched 100 Dumpsters, Here&#39;s What I Found",2019-10-12 20:10:01+00:00,228799066.0
"Sitting In A Pool of Ramen for $20,000",2019-09-13 20:00:05+00:00,77699690.0
I Put 10 Million Legos in Friend&#39;s House,2019-01-18 22:04:59+00:00,116169118.0
"2,000 People Fight For $5,000,000",2024-12-19 17:00:00+00:00,181491082.0
Most Popular Uploads,2025-04-15 21:06:25+00:00,
7 Days,2025-04-15 21:08:26+00:00,
"100 Kids Vs 100 Adults For $500,000",2022-12-03 21:00:00+00:00,316113541.0
"$100,000,000 Car Doors",2023-09-19 17:00:00+00:00,1186290758.0
Slippery vs Sticky Stairs,2025-05-16 16:00:01+00:00,637771509.0
1 Subscriber = 1 Second In The Arctic,2025-08-08 16:00:02+00:00,48541394.0
"Would YOU Quit School For $100,000?",2021-07-10 20:00:09+00:00,186260950.0
"Last To Take Hand Off Lamborghini, Keeps It",2021-10-23 20:00:01+00:00,196461601.0
"Get Every Boy Scout Badge, Win $10,000",2020-01-25 21:00:01+00:00,129550843.0
I Built 100 Wells In Africa,2023-11-04 16:00:00+00:00,251305103.0
I Survived The 5 Deadliest Places On Earth,2025-03-22 16:00:00+00:00,144592985.0
"Would You Risk Drowning for $500,000?",2025-04-26 16:00:00+00:00,174578075.0
Guess What Hit You,2025-08-05 16:00:01+00:00,40308551.0
I Spent 24 Hours In A Doomsday Bunker,2020-04-11 20:00:00+00:00,227013085.0
I Opened A FREE BANK,2019-11-23 21:00:17+00:00,127451304.0
"100 Kids Vs Their Parents For $500,000",2022-12-03 21:00:00+00:00,315586862.0
I Broke Into A House &amp; Stole Everything!,2020-06-25 20:00:00+00:00,205328278.0
Giant Monopoly Game With Real Money,2019-02-15 22:05:00+00:00,133875917.0
I Uber‚Äôd People And Let Them Keep The Car,2020-10-24 20:00:01+00:00,149024866.0
"Pass All 12 Grades, Win $10,000",2019-01-31 22:05:00+00:00,227676566.0
"Eating A $10,000 Golden Steak (24k Gold)",2019-01-11 22:05:00+00:00,160427301.0
I Gave My Credit Card To Random People,2020-02-01 21:00:01+00:00,199073110.0
"Offering People $100,000 To Quit Their Job",2021-03-13 21:00:02+00:00,166174815.0
"I Gave My 40,000,000th Subscriber 40 Cars",2020-09-19 20:00:02+00:00,205396616.0
$1  = One Year of Clean Water,2025-08-02 16:00:02+00:00,78828914.0
World‚Äôs Most Dangerous Escape Room!,2022-01-29 21:00:01+00:00,286852177.0
I Got Hunted By The Military,2021-12-10 21:30:02+00:00,250497824.0
"Would You Rather Have A Giant Diamond or $100,000?",2020-09-26 20:40:02+00:00,199288246.0
YOUTUBE REWIND: 2020,2021-01-01 21:00:03+00:00,73027484.0
"I Gave $200,000 To People Who Lost Their Jobs (Corona Virus)",2020-05-07 19:59:59+00:00,47295794.0
"I Paid A Real Assassin To Try To Kill Me For $100,000",2023-03-18 20:00:01+00:00,317171321.0
Giving 100 Families Free Homes,2024-06-29 16:00:00+00:00,212536432.0
World&#39;s Largest Game Of Dodgeball,2019-07-12 20:05:00+00:00,93115724.0
I Built The World&#39;s Largest Lego Tower,2020-06-06 20:00:01+00:00,209480910.0
"100 Kids Compete Against Their Parents for $500,000",2022-12-03 21:00:00+00:00,315272619.0
"I Gave People $1,000,000 But ONLY 1 Minute To Spend It!",2020-12-15 21:00:11+00:00,232092156.0
"Trying Expensive Foods ($100,000 Golden Ice Cream)",2021-01-22 21:00:03+00:00,293387975.0
World&#39;s Most Expensive Experiences!,2024-11-02 16:00:00+00:00,262263331.0
"I Ate A $70,000 Golden Pizza",2020-02-29 21:00:22+00:00,277454038.0
"Don‚Äôt Turn Around, Win $10k",2025-07-31 16:00:01+00:00,177603201.0
Cheap vs Luxury Yacht!,2023-06-10 16:00:00+00:00,484869040.0
"I Spent 7 Days Buried Under 20,000 LBs of Dirt",2023-11-18 17:00:01+00:00,267293225.0
"Last To Leave World&#39;s Largest Bowl Of Cereal Wins $10,000",2019-05-15 21:05:01+00:00,253365896.0
"Survive World&#39;s Most Dangerous Trap, Win $1,000,000!",2023-10-07 16:00:00+00:00,313082901.0
"10 People Vs World&#39;s Deadliest Laser Maze for $250,000",2023-10-28 15:59:59+00:00,277587272.0
"Face Your Biggest Fear To Win $800,000",2024-02-10 17:00:00+00:00,339450351.0
"$1 vs $1,000,000 Hotel Room!",2022-10-22 21:00:00+00:00,408665288.0
Cheap vs Luxury Vacations!,2023-08-12 15:59:59+00:00,366632042.0
I Went Back To Boy Scouts For A Day,2020-01-25 21:00:01+00:00,129493321.0
I Went Back To 1st Grade For A Day,2019-01-31 22:05:00+00:00,227215630.0
Videos I Couldn&#39;t Upload..,2020-04-30 20:00:08+00:00,172722310.0
"Last To Leave Ramen Noodle Pool Wins $20,000",2019-09-13 20:00:05+00:00,77642828.0
"Youtube Rewind 2020, Thank God It&#39;s Over",2021-01-01 21:00:03+00:00,73021499.0
Subscribe To Explode The TNT,2025-07-29 16:00:01+00:00,69474052.0
"Last To Stop Riding Bike Wins $1,000,000 (Part 4)",2019-12-14 20:59:57+00:00,68181660.0
Watch This Video To Feed 1 Person In Need,2025-04-12 16:00:01+00:00,70269466.0
"Last To Leave Toilet Wins $1,000,000 (Part 3)",2019-12-07 21:11:07+00:00,103845221.0
"I Spent $100,000 On Lottery Tickets And Won!",2019-10-31 20:00:02+00:00,57893571.0
"Planting 20,000,000 Trees, My Biggest Project Ever!",2019-10-25 19:01:01+00:00,116323164.0
Molten Lava Vs Giant Ice Block Experiment,2019-04-27 20:00:02+00:00,100260890.0
"Last To Leave VR Wins $20,000",2019-06-08 20:00:01+00:00,168562245.0
I Sold My House For $1,2021-03-06 21:00:02+00:00,177567407.0
"Last To Take Hand Off Boat, Keeps It",2019-10-19 20:06:01+00:00,135522720.0
"Donating $100,000 To Streamers With 0 Viewers",2019-03-24 20:00:04+00:00,106747849.0
"$1 vs $500,000 Plane Ticket!",2023-04-01 20:00:04+00:00,505550418.0
World‚Äôs Deadliest Laser Maze!,2023-10-28 15:59:59+00:00,277287640.0
"Last to Stop Swinging Wins $1,000,000 (Part 2)",2019-11-30 21:00:03+00:00,146183643.0
I Uber&#39;d In A Lamborghini &amp; Gave It Away!,2020-10-24 20:00:01+00:00,148835856.0
"Last To Stop Running Wins $20,000",2019-06-06 20:00:00+00:00,122551379.0
I Ordered Pizza And Tipped The House,2019-12-05 21:00:02+00:00,154699969.0
"Last To Remove Hand, Gets Lamborghini Challenge",2018-11-02 20:05:01+00:00,96691908.0
"Last To Leave Circle Wins $10,000 - Challenge",2018-10-12 22:05:04+00:00,97770857.0
"I Spent $1,000,000 On Lottery Tickets and WON",2020-08-08 20:00:02+00:00,147629508.0
24 Hours In The Most Haunted Place On Earth,2019-05-30 20:07:01+00:00,151328249.0
"$60,000 Extreme Hide And Seek - Challenge",2020-01-17 21:00:01+00:00,173695348.0
"$1 vs $250,000 Vacation!",2023-08-12 15:59:59+00:00,365156169.0
"Ordering Water Then Tipping $30,000",2018-10-23 20:11:02+00:00,45390849.0
Spending 24 Hours In A City With No Laws,2019-05-07 21:00:01+00:00,184077865.0
I Spent 24 Hours Straight In Prison - Challenge,2018-12-19 21:05:02+00:00,118947416.0
"Donating $100,000 To Random Streamers",2019-09-28 20:29:58+00:00,66403826.0
"Giving $1,000,000 Of Food To People In Need",2020-03-27 20:00:05+00:00,67882738.0
"Guess The Gift, Keep It",2023-10-03 17:00:00+00:00,869503870.0
World‚Äôs Smartest Dog,2024-05-16 16:00:00+00:00,236731719.0
"Spending $1,000,000 In 24 Hours",2019-12-21 21:00:01+00:00,204283840.0
Last To Take Hand Off House Keeps It!,2019-01-08 21:05:00+00:00,100036924.0
"Last To Leave The Tesla, Keeps It Challenge",2019-03-29 21:05:00+00:00,120301214.0
"Surprising My 8,000,000th Subscriber With 8,000,000 ___",2018-09-19 20:05:01+00:00,37364991.0
I Hired The Military To Hunt Me!,2021-12-10 21:30:02+00:00,250147634.0
"Last To Take Hand Off Jet, Keeps It!",2022-11-12 21:00:00+00:00,236866119.0
"Every Country On Earth Fights For $250,000!",2023-08-19 16:00:01+00:00,241361892.0
"I Bought A $500,000 Mystery Box!",2021-04-03 20:00:01+00:00,284549171.0
"Find This Briefcase, Win $10,000",2025-07-25 16:00:02+00:00,112892781.0
"Stop This Train, Win a Lamborghini",2024-03-16 16:00:00+00:00,223629360.0
I Hired The FBI To Hunt Me!,2021-08-07 23:00:03+00:00,252776586.0
100 People Fight For A Private Island,2022-08-04 19:59:59+00:00,244405482.0
World&#39;s Most Expensive Hotel Rooms!,2022-10-22 21:00:00+00:00,407931205.0
I Broke Into A House,2020-06-25 20:00:00+00:00,204932693.0
Videos I Could Not Upload...,2020-04-30 20:00:08+00:00,172649655.0
I Crashed My Private Jet,2022-08-20 20:00:00+00:00,219993354.0
World&#39;s Most Expensive Romantic Dates!,2025-06-07 16:00:00+00:00,117809023.0
I Got Hunted By The FBI,2021-08-07 23:00:03+00:00,252428505.0
"I Gave My 100,000,000th Subscriber An Island",2022-08-04 19:59:59+00:00,244237013.0
"Survive 100 Days Inside A Private Jet, Keep It",2025-07-19 16:00:01+00:00,116254517.0
Jet Engine vs Human for $10k,2025-07-20 16:00:01+00:00,95108716.0
"Survive 100 Days Trapped with a Stranger, Win $500,000",2023-12-16 17:00:01+00:00,396566345.0
I Bought The World&#39;s Most Expensive Apps ($10k),2018-02-08 23:35:00+00:00,27096959.0
I Survived 100 Hours In An Ancient Temple,2025-05-10 16:00:01+00:00,102217068.0
"I Gave My Brother 24 Hours To Spend $100,000",2019-08-31 20:00:01+00:00,106658912.0
I Met Neymar,2025-07-11 16:15:07+00:00,70729709.0
"$1 vs $500,000 Romantic Date",2025-06-07 16:00:00+00:00,107999269.0
I Raced A Cheetah,2025-07-06 16:00:01+00:00,87354484.0
"You Lose, You Get Shot",2025-06-30 16:00:08+00:00,64184706.0
"If You Spill, You Lose!",2025-06-25 17:00:08+00:00,214208141.0
"I Bought The World&#39;s Largest Firework ($600,000)",2020-07-03 21:00:20+00:00,243404668.0
World&#39;s Largest Bowl Of Cereal,2019-05-15 21:05:01+00:00,247305407.0
"Donating $100,000 To A Random Fortnite Streamer",2018-08-05 22:00:00+00:00,53295378.0
"Survive 100 Days In Circle, Win $500,000",2022-09-24 19:59:59+00:00,364482810.0
Feastables vs Reese‚Äôs Taste Test with @gordonramsay,2025-06-10 16:00:02+00:00,149769414.0
Gordon Ramsay Decides Feastables vs Hershey‚Äôs,2025-06-06 17:00:00+00:00,27943811.0
Important Youtube Announcement (please watch),2019-12-28 21:00:06+00:00,38768341.0
"1,000 Blind People See For The First Time",2023-01-28 21:00:00+00:00,204120920.0
"$100,000 If The Military Finds Me in 24 Hours",2021-12-10 21:30:02+00:00,246259843.0
World&#39;s Craziest Experiments! (Hydraulic Press Vs Lamborghini),2022-12-10 21:00:01+00:00,254393972.0
"Going Around A Ferris Wheel 1,000 Times Straight",2019-11-16 21:00:47+00:00,129287104.0
I Spent 24 Hours Straight In Insane Asylum,2019-02-10 21:05:00+00:00,122686446.0
"Can 50,000 Magnets Catch A Cannon Ball?",2019-07-20 20:00:02+00:00,133836240.0
"1,000 Deaf People Hear For The First Time",2023-05-06 19:59:59+00:00,193312116.0
I Bought A Private Island,2020-08-13 20:00:07+00:00,179476377.0
Surviving 24 Hours Straight In The Bermuda Triangle,2019-11-09 21:00:55+00:00,258525379.0
"Last One Found Wins $10,000!",2022-09-03 19:59:59+00:00,236845043.0
World&#39;s Most Insane Experiments,2023-07-08 16:00:00+00:00,266335028.0
"Could You Survive 100 Days Trapped with a Stranger for $500,000?",2023-12-16 17:00:01+00:00,378508232.0
"World&#39;s Biggest YouTubers Fight for $1,000,000",2021-12-16 21:00:00+00:00,101081016.0
100 Subscribers Fight to Win A Private Island!,2022-08-04 19:59:59+00:00,240266903.0
"$10,000 Every Day You Survive In A Store",2023-12-02 17:00:00+00:00,408660575.0
"Survive 3 Months In A Nuclear Bunker, Win $500,000",2024-08-03 16:00:00+00:00,290212161.0
Can I Teach a Penguin To Subscribe?,2025-05-31 16:10:27+00:00,94072549.0
I Hunted 100 People!,2022-09-03 19:59:59+00:00,236415800.0
Train Vs Giant Pit,2023-07-08 16:00:00+00:00,265975039.0
"$1 vs $500,000 Experiences!",2024-11-02 16:00:00+00:00,247623357.0
"$1,000,000 Influencer Tournament!",2021-12-16 21:00:00+00:00,100971914.0
"Would You Swim With Sharks For $100,000?",2022-03-19 20:02:32+00:00,202424859.0
"I Donated $300,000 To People In Need",2021-02-13 21:00:01+00:00,56035847.0
Pass The Phone To‚Ä¶,2024-07-11 17:00:01+00:00,231220997.0
Can You Beat A Girl In Arm Wrestling?,2023-08-17 17:00:00+00:00,528227098.0
"Anything You Touch, You Keep!",2024-04-02 16:00:03+00:00,235645259.0
"Keep Track Of Car, Win $10,000",2024-03-19 16:00:00+00:00,165345242.0
"Last Person Standing Wins $10,000",2024-12-22 17:00:01+00:00,450083823.0
Could You Walk Up A Skyscraper?,2023-12-05 18:00:00+00:00,378255557.0
"Last Person Hanging Wins $10,000",2025-01-21 17:00:03+00:00,387642448.0
I Traded My Car At a Red Light,2023-07-15 17:00:01+00:00,630969988.0
World‚Äôs Most Expensive Bed,2023-10-31 17:00:01+00:00,440306259.0
"Find The Real MrBeast, Win $10,000",2024-10-05 16:00:00+00:00,288564503.0
"Find Your Dog, Win $10,000",2025-03-23 16:00:01+00:00,308172520.0
Bottle Head Smashing World Record Attempt!,2024-05-14 16:00:00+00:00,469970494.0
Last One To Fall Wins,2025-03-08 18:05:23+00:00,113362604.0
World‚Äôs Fastest Robbers,2025-05-02 16:00:00+00:00,170124719.0
"Feeding A Dog $1 vs $10,000 Steak",2023-12-14 18:00:00+00:00,492742009.0
Restocking MrBeast Labs at Walmart,2024-11-18 17:00:00+00:00,228774363.0
"$10,000 Human Shuffleboard",2025-04-22 16:30:14+00:00,305697242.0
Most Expensive Hand Model Holds Feastables,2024-02-24 18:00:09+00:00,430388949.0
Could You Win This Obstacle Course?,2025-03-25 16:15:01+00:00,74869081.0
This Game Is Wild...,2024-11-12 17:00:00+00:00,563301586.0
How Many People To Stop Ronaldo?,2024-12-27 19:00:00+00:00,361952238.0
"Drift This Car, Win $10,000",2025-04-16 17:00:15+00:00,346612557.0
Confronting Ronaldo,2024-11-29 17:30:10+00:00,175350099.0
How Fast Can I Go?,2025-04-05 16:00:12+00:00,139678232.0
This Is How The Pyramids Were Built,2025-03-18 16:00:00+00:00,185623361.0
1 Subscriber = 1 Penny,2024-10-19 18:00:00+00:00,316733583.0
Subscribe For An iPhone,2025-01-17 17:00:00+00:00,182727378.0
Bring Me Back Snow From The North Pole,2024-12-10 17:00:00+00:00,406262364.0
"Find This Stranger, Win $10,000",2025-02-19 18:00:00+00:00,399597508.0
Would You Go On Vacation With A Stranger?,2025-04-29 16:00:00+00:00,142167203.0
You Can Stop Child Labor,2025-04-11 16:00:01+00:00,71676147.0
Lambo Vs World&#39;s Largest Shredder,2023-09-02 16:00:00+00:00,236297358.0
Moving 10 Pounds Using ONLY Sound,2018-08-02 21:09:00+00:00,45717922.0
Millions Of Views!,2015-10-18 23:15:40+00:00,935116.0
Walking Up To Random People With 100 StormTroopers,2018-04-11 22:09:01+00:00,19954022.0
Top 10 Richest Gaming Youtubers?????,2015-06-11 16:42:11+00:00,253160.0
"Giving Homeless People $1,000 (Not Clickbait)",2017-06-28 22:00:02+00:00,6626368.0
I Didn‚Äôt Eat Food For 720 Hours,2022-07-02 20:00:02+00:00,121886054.0
Extreme Helmet Game,2025-05-28 16:00:19+00:00,104411010.0
"I Bought The World&#39;s Largest Mystery Box! ($500,000)",2021-04-03 20:00:01+00:00,276710452.0
I Adopted 100 Dogs!,2023-12-23 17:00:00+00:00,311993852.0
"Ages 1 - 100 Decide Who Wins $250,000",2024-04-20 15:59:59+00:00,276856088.0
7 Days Trapped In A Cave,2024-08-17 16:00:00+00:00,151785316.0
"Protect $500,000 Keep It",2024-01-13 17:00:00+00:00,174843013.0
I Bought Everything In A Store - Challenge,2019-05-18 20:05:02+00:00,162067943.0
Cleaning The World‚Äôs Dirtiest Beach #TeamSeas,2021-10-29 19:59:43+00:00,131102606.0
I Survived A Plane Crash,2022-08-20 20:00:00+00:00,214995421.0
Lamborghini Vs World&#39;s Largest Shredder,2023-09-02 16:00:00+00:00,235928434.0
7 Days Stranded In A Cave,2024-08-17 16:00:00+00:00,151504575.0
"If You Can Carry $1,000,000 You Keep It!",2021-07-24 20:00:59+00:00,241320031.0
World‚Äôs Deadliest Obstacle Course!,2024-06-15 16:00:01+00:00,322344245.0
What Is Youtube Terms Of Service?????,2015-07-07 10:00:00+00:00,57433.0
Could You Survive the World‚Äôs Most Dangerous Escape Room?,2022-01-29 21:00:01+00:00,282901588.0
Surviving 7 Days In An Abandoned City,2024-03-02 17:00:00+00:00,277021930.0
World&#39;s Hottest Substance Vs Coldest Substance,2018-06-30 21:09:00+00:00,96043102.0
"Click This Button To Win $100,000!",2020-11-14 21:00:02+00:00,342517896.0
"Men Vs Women Survive The Wilderness For $500,000",2024-09-07 16:00:00+00:00,175477286.0
100 Kids Vs 100 Adults,2022-12-03 21:00:00+00:00,304879293.0
100 Identical Twins Fight For $250K,2024-09-28 16:00:00+00:00,157753613.0
"Ages 1 - 100 Fight For $500,000",2023-05-27 21:14:59+00:00,425517299.0
Surviving The 5 Deadliest Places On Earth,2025-03-22 16:00:00+00:00,121647656.0
"Grab The Rolex, Keep It!",2025-05-21 15:59:50+00:00,118159031.0
I Cleaned The World‚Äôs Dirtiest Beach #TeamSeas,2021-10-29 19:59:43+00:00,131053354.0
$1 vs $250M Private Island!,2024-01-27 17:00:00+00:00,320834432.0
I Explored 2000 Year Old Ancient Temples,2025-05-10 16:00:01+00:00,80852422.0
"Protect The Lamborghini, Keep It!",2024-03-16 16:00:00+00:00,211141286.0
I Saved 100 Dogs From Dying,2023-12-23 17:00:00+00:00,310152323.0
Watching Video Games Is A Waste Of Time????,2015-09-05 16:14:19+00:00,56980.0
I Gave Away A House On Halloween,2023-11-10 18:00:00+00:00,322238286.0
MrBeast,2012-02-20 00:43:50+00:00,
"$1 vs $250,000,000 Private Island!",2024-01-27 17:00:00+00:00,320294834.0
Paid Promotion On Youtube Good?,2015-07-03 19:26:09+00:00,58129.0
"$10,000 Girl Scout Cookies",2023-03-11 17:00:47+00:00,572294781.0
The Real Way Dinosaurs Went Extinct,2018-06-28 21:12:01+00:00,29344228.0
"Highest Away From Me Wins $10,000",2025-02-28 17:00:00+00:00,273627030.0
I Tipped A Pizza Delivery Driver A Car,2023-10-12 17:30:03+00:00,595523536.0
Gordon Ramsay Tries Most Expensive Chocolate Bar!,2022-11-19 20:59:59+00:00,706102836.0
"Make This Kick, Win Super Bowl Tickets",2023-08-25 16:00:25+00:00,135961487.0
I Made An Egg Sandwich With @BayashiTV_,2023-05-13 17:00:00+00:00,268634155.0
"Spot The Fake Animal For $10,000",2024-07-19 16:00:00+00:00,520618113.0
The World&#39;s Fastest Cleaners,2024-04-25 16:00:03+00:00,666749022.0
I Paid A Random Student‚Äôs College Tuition,2023-09-26 16:59:59+00:00,442077287.0
World‚Äôs Most Expensive Coffee,2023-10-19 17:00:03+00:00,253210107.0
Sprinting with More and More Money,2024-05-30 16:00:01+00:00,303127582.0
Baseball Tic Tac Toe vs MLB Pro,2025-03-27 16:00:00+00:00,48134011.0
"The Rock Vs MrBeast For $100,000",2022-10-21 20:00:06+00:00,663886977.0
How Many Balloons Does It Take To Fly?,2024-07-10 17:00:00+00:00,497938546.0
How Many Balloons To Make A Store Fly?,2024-11-18 19:00:00+00:00,362931539.0
Running With Bigger And Bigger Feastables,2024-08-15 23:00:00+00:00,392854907.0
Running With Bigger And Bigger Lunchlys,2024-09-20 16:00:00+00:00,284745637.0
I Crashed One Of The Most Expensive Cars In The World,2025-03-14 16:00:00+00:00,73196383.0
Ronaldo Teaches Me How To SIUU,2024-12-01 17:00:00+00:00,236095729.0
Unboxing My 200M Subscriber Play Button,2024-02-29 17:00:00+00:00,223880993.0
Would you go on a Blind Date in Italy?,2023-04-15 20:00:01+00:00,516315754.0
Would You Pet a Cheetah in Africa?,2023-05-01 20:00:02+00:00,806438621.0
Should You Play Video Games?,2016-01-22 17:04:58+00:00,98242.0
Surviving 24 Hours On A Deserted Island,2019-08-22 20:00:07+00:00,206538958.0
"First To Rob Bank Wins $100,000",2021-09-26 20:00:06+00:00,204159655.0
Why Do We Do Things That Are Bad For Us?????,2015-05-14 23:52:57+00:00,56863.0
I Hate Youtubers That Ask For Likes,2015-08-20 19:13:03+00:00,207163.0
Worst Minecraft Saw Trap Ever???,2012-02-20 22:42:32+00:00,30023171.0
"I Donated $25,000 To Random Kids Streaming Fortnite",2018-09-14 20:09:01+00:00,65217057.0
Make This Video The Most Liked Video On Youtube,2019-01-16 22:05:01+00:00,154540853.0
I Opened A Free Car Dealership,2019-08-29 20:00:00+00:00,147528513.0
Exility And Some Other Stuff - Update Vid,2015-07-18 18:02:27+00:00,56724.0
Do Water Repellent Shoes Actually Work?,2018-06-22 22:11:00+00:00,131730388.0
"$200,000 Youtuber Battle Royale",2019-03-12 22:00:00+00:00,56064940.0
"Hit The Target, Win $300,000",2021-06-12 20:00:01+00:00,203662210.0
Remember When COD Was Fun?,2015-04-26 21:26:36+00:00,56747.0
Standing Still For 24 Hours Straight - Statue Challenge,2019-02-22 22:05:59+00:00,123511819.0
"Extreme $500,000 Game Of Tag!",2021-09-04 20:00:07+00:00,215591572.0
"I Gave Him One Hour To Spend $100,000!",2019-01-01 21:05:01+00:00,82159746.0
Spending 24 Hours On Top Of A Mountain,2019-06-13 20:00:01+00:00,222307825.0
Anything You Can Fit In The Triangle I‚Äôll Pay For,2021-06-01 20:00:02+00:00,250948347.0
"Anything You Can Carry, I&#39;ll Pay For Challenge",2019-04-20 20:00:03+00:00,92634710.0
Would YOU Rather Have A Lamborghini or This House?,2020-08-22 20:00:01+00:00,224562355.0
My Mom Found My Channel!! :0,2015-08-20 01:44:22+00:00,764465.0
Destroying My Friend&#39;s Car And Surprising Him With A New One,2019-08-10 20:00:00+00:00,113683605.0
How To Tweet When You&#39;re Dead! DEADSOCIAL Facebook And Instagram Also!,2015-08-27 10:00:01+00:00,56718.0
Why I Haven‚Äôt Been Uploading,2020-09-17 20:00:05+00:00,58856405.0
My Problems,2015-05-01 02:23:50+00:00,73179.0
Big Channel&#39;s Starting Over???,2015-08-05 10:00:02+00:00,56717.0
1080p FREE TO USE BLACK OPS 3 GAMEPLAY,2015-08-19 21:35:16+00:00,82455.0
"Anything You Can Carry, I&#39;ll Pay For #2",2019-09-06 20:00:00+00:00,88241914.0
Destroying My Friend&#39;s Car And Surprising Him With A New One - Slime,2018-08-28 22:08:59+00:00,120467779.0
Who Are The Worst Youtubers?????,2015-03-01 12:00:00+00:00,260734.0
Spending 24 Hours Straight Under Water Challenge,2018-08-24 22:09:00+00:00,144744668.0
Winning A Game Of Fortnite In The Middle Of The Ocean,2018-04-25 22:09:02+00:00,31477604.0
"Giving $10,000 To Random People And Saying Nothing",2019-04-30 20:00:06+00:00,83088670.0
"$70,000 Extreme Hide And Seek - Challenge",2020-03-13 20:00:04+00:00,156744518.0
"Extreme $1,000,000 Hide And Seek",2021-12-18 21:00:00+00:00,108565333.0
"Last To Leave Pool Of $20,000 Keeps It",2019-08-24 20:00:01+00:00,184176672.0
"Giving 10,000 Presents To Kids For Christmas",2019-12-23 21:00:04+00:00,81118873.0
Has Youtube Met Its Match?????,2014-01-12 01:25:53+00:00,104375.0
Fidget Spinner Vs Face (Legit Had To Get Stitches),2017-05-02 23:30:00+00:00,43748365.0
My Solution For The Theft At The FaZe House - @FaZe_Rain @FaZeAdapt,2015-07-08 10:00:00+00:00,56737.0
Channel Update.,2013-08-16 20:34:58+00:00,179015.0
How Much Money Does Markiplier Make????? 2016,2015-01-04 20:59:46+00:00,137772.0
How Much $$$ Does Every Member of FaZe Make COMBINED????? 2016,2015-03-05 02:07:01+00:00,107145.0
What Is Considered A &quot;Bad Video&quot; On Youtube????? #karnageRC,2015-06-07 21:38:42+00:00,72341.0
I Put Millions Of Pennies In My Friends Backyard,2018-12-08 21:05:02+00:00,183870527.0
How Many Rubber Bands Does It Take To Snap A Safe?,2018-05-22 22:14:01+00:00,37345622.0
I Bought Every Billboard In My City For This,2018-10-26 21:06:02+00:00,38793372.0
"Surprising Tfue With $10,000 Live - Fortnite",2018-10-04 20:07:01+00:00,74654276.0
REACTING TO MY OLD MINECRAFT VIDEOS (HORRIBLE),2016-06-19 20:36:36+00:00,1343471.0
THINGS I HATE #1,2015-12-02 01:20:16+00:00,476849.0
This Kid Should Quit COD....,2014-06-02 21:37:07+00:00,81069.0
My Upload For ThunderstruckGaming,2015-07-25 22:35:54+00:00,56745.0
Battle Of The Beasts (youtubers needed),2015-06-17 20:58:19+00:00,56773.0
Motivation For Youtubers #5,2016-05-15 21:00:01+00:00,199067.0
Motivation For Youtubers #6 LAST ONE,2016-05-24 15:00:01+00:00,156880.0
Things That SHOULDN&#39;T Be Sold On Amazon,2018-09-21 22:06:01+00:00,152111725.0
"I Spent $50,000 On Lottery Tickets And Won ____",2018-10-19 21:05:02+00:00,31339234.0
"Steal This $100,000 Diamond, You Keep It",2020-11-28 21:00:04+00:00,224570686.0
"How I Gained 15,000,000 Subscribers In 1 Year",2020-01-03 21:10:01+00:00,19661747.0
Harry Potter Mod In Minecraft! EPIC MUST SEE MOD!!!,2012-03-09 23:29:03+00:00,5872106.0
I Spent 24 Hours Straight In Slime,2018-10-09 20:05:02+00:00,43842861.0
How Much Money Does KyR&#39;s Speedy&#39;s Crew Make?????,2014-03-02 18:14:47+00:00,100082.0
Flat Earth PROVEN By Independent Research,2018-09-22 20:05:01+00:00,28587535.0
Rocket League In Real Life!,2018-09-01 21:08:58+00:00,28776882.0
I Advertised Pewdiepie At The Super Bowl,2019-02-04 22:00:01+00:00,45141526.0
"New Optic Gaming Gear Coming To Advanced Warfare, My Thoughts",2015-08-01 16:47:55+00:00,56722.0
MY MESSAGE TO COD YOUTUBERS (Watch till end plz),2015-05-29 20:07:48+00:00,56742.0
I Bought An Expensive Car Using Only $1 Bills,2018-02-13 23:10:01+00:00,37590097.0
i&#39;m really sorry,2017-10-26 21:30:00+00:00,5927431.0
Free To Use Advanced Warfare Gameplay! 2015,2015-06-19 14:07:22+00:00,56723.0
1500,2014-08-08 18:58:18+00:00,305941.0
"I Donated $30,000 To A Random Twitch Streamer (world record)",2018-01-28 00:11:02+00:00,32873486.0
How To Gain Youtube Success,2015-07-02 17:10:49+00:00,87403.0
Insane Black Ops 2 HACKER!!!!,2013-07-30 02:45:21+00:00,241129.0
I Flew Using Only Balloons AND Leaf Blowers,2018-04-23 22:09:02+00:00,32796794.0
Donating Big Donations To Twitch Streamers!!!,2018-01-11 22:37:00+00:00,27731538.0
5$ To Advertise Your Youtube Channel???,2015-07-31 00:13:08+00:00,166117.0
100k Subs With No Videos????,2015-04-11 16:51:40+00:00,479336.0
I Built A Giant House Using Only Legos,2018-12-02 20:05:01+00:00,65079892.0
Watching Dance Till You&#39;re Dead For 10 Hours,2017-03-21 22:40:12+00:00,54574620.0
"I Counted To 100,000!",2017-01-09 00:00:39+00:00,31699938.0
"Counting To 200,000 (Road To A Mil)",2017-02-18 00:00:03+00:00,4019697.0
"Find This Key, Win $10,000",2025-05-05 16:00:00+00:00,24925795.0
"Protect The Yacht, Keep It!",2024-05-11 16:00:00+00:00,151131162.0
I Put 100 Million Orbeez In My Friend&#39;s Backyard,2018-11-22 21:08:01+00:00,238014098.0
Anything You Can Fit In The Circle I‚Äôll Pay For,2020-03-07 21:00:00+00:00,318044496.0
"I Put 1,000,000,000 Christmas Lights On A House (World Record)",2020-12-23 21:00:06+00:00,128248187.0
How Much Money Do I Make?????,2014-03-16 01:24:25+00:00,154296.0
Homeless Man Buys A Lamborghini,2019-04-18 20:05:00+00:00,192914705.0
We Are Better Than Dude Perfect,2017-06-24 18:40:12+00:00,27217749.0
Scary minecraft pig skin!,2013-01-13 16:53:17+00:00,1063037.0
Hi Me In 5 Years,2020-10-04 20:00:54+00:00,140013344.0
More birds IN MINECRAFT!!,2013-01-12 23:35:45+00:00,1321568.0
Best Green Screen Lighting Ever? (Joking Obviously),2015-10-03 21:06:46+00:00,557554.0
Ages 1-100 Try My Chocolate,2024-05-09 16:00:00+00:00,247888345.0
Funny Noob Tubing Reaction Montage!,2013-08-16 03:04:45+00:00,126764.0
IT FINALLY CAME IN THE MAIL,2016-10-10 21:05:39+00:00,347362.0
"Would You Split Or Steal $250,000?",2024-05-03 16:00:00+00:00,191031240.0
"Furthest Away From Me Wins $10,000",2023-11-02 17:00:03+00:00,607891727.0
"Find The Human, Win $10,000",2025-02-24 17:00:02+00:00,191174666.0
"Buy Feastables, Win $10,000",2024-02-17 19:00:01+00:00,348692277.0
I Got T-Series To Subscribe To Me,2024-12-09 17:00:01+00:00,123400748.0
I Got Naruto to Subscribe to Me,2023-05-20 20:00:00+00:00,294353720.0
"I‚Äôm Giving My 250M Subscriber $25,000",2024-04-06 19:45:00+00:00,115618067.0
Breaking The Law,2017-07-09 21:20:50+00:00,32143484.0
Does Spam Work?????,2014-01-20 23:41:17+00:00,454346.0
I Can&#39;t Believe I Found This Stuff On Amazon..,2017-12-22 23:19:10+00:00,31219536.0
"I Spent $30,000 On Lottery Tickets And Won ____",2018-09-28 21:05:00+00:00,17331035.0
Extreme Home Makeover!,2023-09-12 17:00:00+00:00,361129233.0
"Guess The Gift, Keep It",2024-04-09 17:00:00+00:00,482858591.0
I Filled Chandler‚Äôs Car With Feastables,2024-02-27 18:00:01+00:00,357023269.0
"Feeding A Cat $10 Vs $10,000 Sushi",2023-08-31 17:00:00+00:00,348327774.0
"Spot The Hidden People For $10,000",2024-05-08 16:00:01+00:00,187005524.0
"You Pick The Right Cup, You Win $100,000!",2018-10-28 20:06:01+00:00,36261641.0
"Spending $40,000 In One Hour Challenge",2018-11-17 21:06:02+00:00,44782275.0
I Built A Working Car Using Only LEGOS,2018-06-23 21:09:58+00:00,75177833.0
TWITCH STREAMERS REACT TO RECEIVING THOUSANDS FROM SAME GUY!,2015-07-13 10:00:01+00:00,219938.0
"I Donated $50,000 To Ninja - Fortnite",2018-07-14 21:06:00+00:00,98284328.0
Minecraft Build-off Fun!!!!!,2014-06-09 12:00:07+00:00,74652.0
"We Drove 3,000 Miles For The World&#39;s Best Burger",2018-06-09 21:13:59+00:00,54617465.0
How Much Does &quot;Epic Rap Battles&quot; Make?????,2014-07-10 23:05:51+00:00,56598.0
"Pewdiepie&#39;s Shoutout, What Would You Do If You Won?",2015-09-05 00:49:25+00:00,56589.0
PewDiePie Uploads A Fake Video! LOL,2015-01-01 18:56:04+00:00,82965.0
Hearthstone - All Beards Challenge!,2014-04-24 01:56:43+00:00,77769.0
How Many Toy Cars Does It Take To Pull A Real Car?,2018-05-04 22:08:58+00:00,41259971.0
Destroying My Friend&#39;s Car And Surprising Him With A New One,2018-04-13 22:21:00+00:00,39169804.0
I Bought A Car Using Only Pennies,2018-01-25 23:10:03+00:00,26542757.0
Will A Basketball Boat Hold My Weight?,2024-10-11 16:00:01+00:00,310172355.0
Story time!,2013-04-18 01:54:48+00:00,593425.0
Tipping Waitresses With Real Gold Bars,2019-06-21 20:00:01+00:00,70454793.0
I Hope This Magic Trick Works,2018-09-11 21:13:59+00:00,43619170.0
Can A Glowing 1000 Degree Sword Slice A Car In Half?,2018-09-06 21:09:00+00:00,69923640.0
STUPIDEST PERSN ON EART (Really Dumb),2016-11-28 00:01:52+00:00,2526428.0
Hellstrikes vs 7 halos!,2013-12-27 00:27:31+00:00,84794.0
How Much Money Does &quot;Element Animation&quot; Make?????,2014-03-30 23:40:18+00:00,183519.0
Am I Ian From Smosh????,2015-08-02 19:09:03+00:00,1040369.0
"Giving A Random Homeless Man $10,000",2017-06-15 23:10:02+00:00,11238245.0
In Dis Video I Play Minecraft. (Factions),2014-07-05 15:57:13+00:00,59419.0
Five Facts You Didn&#39;t Know About Youtube.,2014-12-01 22:00:05+00:00,98162.0
How To Become A Gaming Youtuber! All You Need To Know!,2015-07-08 22:00:01+00:00,56514.0
How Much Does Pewdiepie Make?,2015-06-28 22:41:05+00:00,244578.0
$100 GIVEAWAY PRANK (NO WEAPONS INVOLVED),2016-04-03 21:00:00+00:00,67790.0
How Much Money Do You Make As An Uber Driver??????,2015-05-31 18:31:25+00:00,56559.0
Youtube Collabs? Collabbing with Mr.Beast?,2015-08-01 10:00:01+00:00,107521.0
This is a detailed break down of my favorite UU team... ENJOY!,2013-03-29 23:14:45+00:00,201804.0
Human vs Jet Engine,2024-10-17 19:00:00+00:00,439100580.0
This Game Is Wild,2024-07-17 16:00:00+00:00,212179280.0
Will A Guitar Boat Hold My Weight?,2024-09-05 16:00:01+00:00,678607466.0
I Sent a Subscriber to Disneyland,2023-03-30 20:00:00+00:00,610651595.0
What Is Swatting? Why I hate It!,2015-07-05 18:08:37+00:00,95711.0
"Youtube Stat News - Vevo Gets 10 Bil. Views A Month, Channel Milestones, and more!",2015-05-21 00:31:22+00:00,56488.0
"Donating $100,000 To Shroud In Real Life",2019-04-04 21:05:59+00:00,32338559.0
How Much Does PewDiePie Make????? 2016,2014-05-24 19:33:12+00:00,406905.0
How Much Money Does &quot;Chris Smooth&quot; Make?????,2014-08-21 22:46:35+00:00,70980.0
Every Minecraft Let&#39;s Play Ever In Under A Minute,2015-07-16 22:00:01+00:00,121337.0
I Hate Pewdiepie!!!!!,2014-02-01 00:16:57+00:00,3001950.0
#1 MOST INSANE MAGNET LIFE HACK EVER,2017-03-24 21:40:17+00:00,26286311.0
Black ops 2 Gameplay w/ commentary. Hipsters,2013-07-03 17:48:10+00:00,351519.0
"I Donated $10,000 If They Said This Word (Twitch Streamers)",2018-04-04 22:19:00+00:00,20110339.0
"Giving 3,000,000 Pennies To My 3,000,000th Subscriber",2018-02-22 23:14:03+00:00,8834323.0
How To Do A High School or College Paper!,2015-04-06 11:42:14+00:00,94058.0
"10,000 QNA With MUM",2015-10-29 00:21:29+00:00,332036.0
Best Thing To Happen To This Channel?????,2015-07-23 10:00:00+00:00,56495.0
How Much Money Does Pewdiepie Make????? (Updated 2015),2014-01-11 20:31:34+00:00,1855998.0
5 Popular Channels That Were Terminated,2015-07-07 22:00:00+00:00,136678.0
Destroyed Friend&#39;s House And Bought Him A New One,2018-11-24 21:06:01+00:00,43791695.0
Motivation For Small Youtubers #4 - Inspiration For Youtubers,2016-04-08 00:11:29+00:00,150448.0
COD IS NOT DEAD,2014-05-08 02:19:42+00:00,76969.0
Horse racing map for new update! (minecraft),2013-04-21 16:37:08+00:00,202583.0
Boxy item mod Minecraft.  EPIC,2013-01-12 22:34:11+00:00,1550590.0
MrBeast‚Äôs Outro Song,2015-09-05 20:15:02+00:00,8662848.0
Exility vs Dr.Pineapplez - Misleading Contest!,2015-09-08 22:06:36+00:00,56494.0
Is Obama Dead? Dumb Google Searches!,2016-01-24 00:21:47+00:00,228568.0
MrBeast6000&#39;s First Video (So Bad lol),2015-11-19 21:29:40+00:00,14118894.0
"Giving My 10,000,000th Subscriber 10,000,000 ___",2018-11-13 21:05:04+00:00,29796709.0
"Why I Sold My PS4, Not A Gaming Channel???",2015-09-18 00:21:53+00:00,56462.0
Best Non-Copyrighted Songs For Videos! (Intros Vlogs Gaming Trailers) 2016,2015-10-05 22:41:22+00:00,82903.0
Most Epic minecraft skin EVER  (Psy),2013-01-13 01:59:21+00:00,1178150.0
"Giving $100,000 To A Homeless Person",2018-12-23 21:00:01+00:00,31506029.0
"Battle Pirates, Hellstrike Base attack.",2013-12-29 22:22:57+00:00,71167.0
Buried Round 50 Gameplay! Black ops 2 Zombies.,2013-08-12 22:49:16+00:00,140320.0
Youtube In 10 Years?????,2015-06-30 16:31:29+00:00,218644.0
BO3,2015-08-18 17:07:49+00:00,1293671.0
Randomness,2013-08-02 22:16:42+00:00,100358.0
Is Pewdiepie The #2 Youtuber?!?!?  :0,2015-03-04 01:53:50+00:00,89247.0
Black Ops 2! Mini Update Video.,2013-08-05 02:55:37+00:00,100026.0
How Much Money Does Syndicate Project Make????? 2016,2015-02-24 20:26:12+00:00,85272.0
Are Youtubers Millionaires?,2015-02-22 19:45:00+00:00,187330.0
"Youtube Networks Requirerments. (Machinima, TGN, 8byte....)",2014-04-01 16:37:55+00:00,89502.0
"Saying Pewdiepie 100,000 Times",2018-11-25 21:07:01+00:00,26527541.0
I Ubered Random People In A Tank,2018-07-11 21:16:00+00:00,30166896.0
Youtube ad.,2014-04-20 20:26:16+00:00,518412.0
I Built A Mansion Using Only Cardboard Boxes,2018-03-20 22:50:00+00:00,25838362.0
Walking Into Random Stores With 100 Dinosaurs,2018-03-22 22:43:02+00:00,33530219.0
VANOSSGAMING IS IN TROUBLE,2015-07-27 22:13:05+00:00,249162.0
"Marauder Builds, Battle Pirates In Depth Builds.",2013-12-29 16:20:05+00:00,57610.0
School Is A Waste Of Time,2016-01-21 22:45:37+00:00,133356.0
Motivation For Small Youtubers #3,2016-01-12 00:57:36+00:00,180202.0
Surprising Strangers With 100 Zombies - Experiment,2019-03-03 22:04:59+00:00,61282429.0
"Can 1,000 Fans At Max Speed Push A Car?",2018-07-17 21:41:02+00:00,28790617.0
Online pokemon battle #7 [uu] 5-0,2013-04-04 01:43:46+00:00,232302.0
BEST INTROS ON YOUTUBE #1,2016-06-01 20:42:11+00:00,28455302.0
Sacrifices And Youtube,2015-07-31 18:03:32+00:00,56440.0
If This Video Gets One Million Views.....,2013-09-07 02:28:05+00:00,13155416.0
"I Gave My 6,000,000th Subscriber 6,000,000 ____",2018-07-25 21:11:00+00:00,17720691.0
How Much Does WhiteBoy7thSt Make????? 2016,2014-07-11 21:52:50+00:00,304159.0
4k Subscriber&#39;s! First Channel Story!,2015-07-30 01:56:38+00:00,106154.0
Motivation,2014-04-17 01:22:40+00:00,91502.0
1k Subs,2014-04-13 23:53:33+00:00,17472611.0
What It Takes To Be A Full Time Youtuber...,2014-03-27 19:00:05+00:00,59514.0
What Is Spam404?????,2015-07-15 15:05:18+00:00,56389.0
"Giving My Mom $100,000 (Proudest Day Of My Life)",2017-12-02 21:10:08+00:00,31901634.0
Two Years of Youtube.,2014-03-31 16:31:32+00:00,445219.0
"Reading The Longest English Word (190,000 Characters)",2017-06-02 22:00:01+00:00,35663805.0
"Saying Logan Paul 100,000 Times",2017-08-19 14:00:58+00:00,23511035.0
"$10,000 Games Of Rock Paper Scissors",2018-11-04 21:05:02+00:00,18600508.0
Giving 1000 Phones Away,2024-05-28 16:00:00+00:00,291911718.0
My First Kem Strike!,2013-11-16 19:48:55+00:00,84352.0
THE WORST SONG ON YOUTUBE *CRINGE*,2016-08-08 20:00:02+00:00,839515.0
Why I Stopped Playing Video Games - Video Game Commentary,2015-10-25 21:20:24+00:00,65081.0
I Think I Am Going For The #KarnageRC,2015-06-05 15:21:50+00:00,56344.0
What is Crohn&#39;s Disease?????,2015-04-04 20:31:25+00:00,518542.0
Subscriber Goals For 2016,2015-02-28 17:12:07+00:00,56885.0
Dude Perfect 4.0 - We Are Totally Better,2016-06-06 21:01:41+00:00,431043.0
Dogs Opinions On Youtubers Getting BO3 Early,2015-08-18 20:55:37+00:00,98500.0
$1 vs $$$,2025-04-15 21:07:31+00:00,
Philanthropy,2025-04-15 21:09:25+00:00,
Milestones And Plans For My Channel,2014-11-30 18:21:44+00:00,72303.0
HOW MUCH MONEY DO YOUTUBERS MAKE?,2016-08-14 20:20:03+00:00,3139161.0
How Many People Do Youtube as a JOB?????,2015-02-26 02:07:13+00:00,56838.0
Hi Me In Two Years (Made Two Years Ago),2017-10-04 21:30:00+00:00,13708967.0
How Much Youtube Money Do I Make???,2015-08-03 02:19:22+00:00,426919.0
Screw Warface,2015-05-02 21:41:18+00:00,56213.0
NBA Interviews Gone Wrong (No Gun Pulled),2016-02-20 14:56:51+00:00,66610.0
"I Donated $30,000 To My Favorite Twitch Streamer (ninja)",2018-02-21 23:19:01+00:00,36767621.0
SURPRISING MY BROTHER WITH A LAPTOP,2016-08-07 19:35:12+00:00,1705853.0
Motivation For Youtube - Ultimate Small Youtuber Motivation #2,2015-08-08 22:15:43+00:00,189442.0
WORST REVIEWS ON AMAZON #4 *FUNNY*,2016-08-21 21:17:07+00:00,1656817.0
5 Steps To Becoming Successful On Youtube,2015-04-02 23:10:02+00:00,173484.0
Trying To Fly Using Only Leaf Blowers,2018-03-01 23:09:03+00:00,18411034.0
Worst Thumbnails On Youtube #2 - Cringe,2016-04-10 22:00:00+00:00,289073.0
we are number one but every one is a bad intro,2016-12-25 00:00:00+00:00,1983284.0
What Is Crohns Disease?????,2015-08-10 10:00:01+00:00,282788.0
"I Tipped Waitresses $20,000",2018-03-30 21:09:03+00:00,14942954.0
I BOUGHT A 1000$ KEYBOARD,2016-10-25 21:06:50+00:00,1619049.0
"2,000 Subscribers",2015-04-18 18:45:34+00:00,297434.0
Cereal Commentary,2016-04-28 00:36:58+00:00,166016.0
Best Minecraft Castle Ever?,2013-01-27 01:52:40+00:00,394078.0
WORST THUMBNAILS ON YOUTUBE,2016-02-28 20:48:25+00:00,611712.0
100 LAYERS OF SARAN WRAP + TOILET PAPER!!,2016-08-23 21:01:56+00:00,3332740.0
Pokemon online battle #8 Stone edge,2013-04-05 01:21:12+00:00,179258.0
203 Kill Game! Thanks For 300 Subscribers!,2013-08-01 19:36:50+00:00,159200.0
How I Will Survive The Zombie Apocalypse!,2015-08-31 22:11:06+00:00,235626.0
Lottery Taxes - How Much Tax Is If You Win The Lottery,2016-01-16 19:25:35+00:00,135712.0
Why I Changed My Channel Name,2015-05-03 23:59:54+00:00,141720.0
The Truth About Big Community Channels,2015-06-22 16:32:02+00:00,56080.0
Top 5 NON-COPYRIGHTED Songs!!!!!,2014-02-17 20:30:02+00:00,123593.0
Tipping A Waitress A Car,2023-04-22 20:00:00+00:00,568255593.0
Metal Pipe Vs School Bus,2023-08-22 17:00:00+00:00,496685344.0
I NEED 1 MORE ùó¶ùó®ùóïùó¶ùóñùó•ùóúùóïùóòùó•,2023-10-05 17:00:01+00:00,401948590.0
Miranda Cosgrove Said What?,2023-10-15 17:00:00+00:00,244287439.0
How Much Tape To Stop A Lamborghini?,2024-11-08 17:00:00+00:00,576287832.0
I Ate The World‚Äôs Most Poisonous Fish,2023-08-08 17:30:01+00:00,452478539.0
I Buried Treasure in the Bermuda Triangle,2023-07-06 17:00:01+00:00,455683417.0
Do Youtubers Pay Taxes????? (USA),2015-12-19 19:21:52+00:00,108996.0
History Of COD Part 2! Black Ops 1 - History Of COD On Youtube!,2015-06-13 21:34:28+00:00,56282.0
20 Best Websites?????,2014-08-29 22:45:20+00:00,177589.0
Epic Minecraft city! (w/ download link!),2013-04-11 01:00:01+00:00,360641.0
BLOWING UP $1000 KEYBOARD *RIP WALLET*,2016-11-11 23:02:10+00:00,3877169.0
Camping Montage.... LOL,2013-08-05 21:12:41+00:00,102179.0
Grilling A Microwave Microwaving A Microwave Microwaving A Toaster Toasting An Iphone Watching Micro,2017-03-30 22:10:41+00:00,2118204.0
New Channel?,2015-05-23 22:59:21+00:00,158456.0
5 Youtubers I Think Will Be Famous...,2014-05-31 21:06:55+00:00,229797.0
$10000 Ice Sculpture Vs Flame,2018-05-01 22:09:00+00:00,23882820.0
WHY DO THEY SELL THIS ON AMAZON?,2016-12-18 02:00:04+00:00,8821597.0
Do Tags Do Anything On Youtube?????,2015-09-13 20:48:10+00:00,153192.0
How To Think Of Good Video Ideas (Tips),2015-12-26 17:38:52+00:00,124616.0
The Ultimate Motivation For Small Youtubers,2015-06-29 17:27:21+00:00,300919.0
"Paying People $10,000 To Eat Ghost Pepper",2019-06-01 20:05:01+00:00,40785704.0
Life Hacks You Need To Know,2017-12-08 22:49:10+00:00,7388679.0
Knives In Video Games Cost More Than Real Life????,2015-09-18 23:57:02+00:00,64659.0
Do Dislikes Matter On Youtube - Are Dislikes Bad Or Good?,2016-01-07 22:19:01+00:00,381185.0
CUTTING TABLE IN HALF WITH PLASTIC KNIVES,2016-06-04 20:31:28+00:00,3733957.0
"Ad Blocker For Chrome and Mobile, Should You Use It?",2015-09-23 23:54:06+00:00,86588.0
HOW TO MAKE A GOOD INTRO FOR YOUTUBE,2016-06-14 20:51:19+00:00,185345.0
Vanoss vs Speedy! Which is better?,2014-02-16 20:13:22+00:00,115940.0
Reuploading Other Youtubers Videos? Stealing Big Youtubers Videos.,2015-07-30 18:23:18+00:00,56055.0
Beast Goes Camping (Didn&#39;t Go Wrong) (Didn&#39;t Go Sexual),2016-02-20 23:07:55+00:00,199273.0
"Donating $10,000 To Random Twitch Streamers",2017-08-15 19:20:09+00:00,10852073.0
"Can 1,000 Rolls Of Duct Tape Stop A Car??",2018-04-30 22:09:00+00:00,26964999.0
We Delivered 100 Pizzas To Random Houses,2018-02-02 23:12:01+00:00,9193740.0
Dear Razer Can I Have My 70$ Back?????,2015-11-29 21:10:16+00:00,7603685.0
"How I Gave Away $1,000,000",2018-12-25 21:05:01+00:00,14544024.0
"Minecraft, How To Grief Without Being Seen!",2013-08-14 21:39:31+00:00,343030.0
Donating $10000 To Pewdiepie,2018-12-16 21:05:02+00:00,47334904.0
Online pokemon battle #3 [uu] Ice punch,2013-03-27 19:57:08+00:00,200617.0
FaZe Adapt &quot;Stuttertage&quot;,2015-07-20 17:49:03+00:00,116631.0
Breaking Glass Using Only Megaphones,2018-03-17 22:22:47+00:00,54281512.0
"2,256 Miles In One Uber Ride (World Record)",2017-10-28 22:30:00+00:00,43359533.0
"Giving My 4,000,000th Subscriber 4,000,000 Cookies",2018-04-02 22:09:01+00:00,13358579.0
Why Does This Video Have No Thumbnail?,2015-12-15 01:43:00+00:00,97718.0
POKEMON GO STEREOTYPES,2016-07-14 17:36:53+00:00,2274613.0
WHERE IS MY COOKIE?????,2016-04-24 21:31:29+00:00,123152.0
10 Things You DIDN&#39;T Know About Youtube!,2015-02-08 00:04:06+00:00,71311.0
My Favorite FaZe Clan Members?????,2015-08-26 10:00:00+00:00,57412.0
"How Many People Get The Golden Play Button? (1,000,000 Subscribers)",2015-11-28 00:45:38+00:00,151408.0
Scheduled Uploaded 6 Months Ago (REACTION),2016-04-06 21:02:02+00:00,140931.0
Goodbye Laptop,2016-01-01 23:49:09+00:00,166897.0
New COD Zombies In 2014?????,2014-02-23 21:40:04+00:00,82277.0
How Much Money Does Bill Gates Make / Have - Billionaire,2015-10-09 22:27:01+00:00,134416.0
Most Overpowered Guns In Ghost!,2013-11-11 20:11:15+00:00,116302.0
My New Channel Trailer ;),2015-05-07 01:27:48+00:00,62036.0
Stupid Things People Search On Google,2015-09-25 22:57:49+00:00,1374351.0
Best Microphone For Youtube (Gaming Commentaries Vocals Singing Podcast),2015-10-11 18:56:01+00:00,56005.0
WORST BANNERS ON YOUTUBE #1,2016-06-13 21:13:33+00:00,673545.0
The Dreaded Unanswerable Question,2016-02-29 23:56:41+00:00,178464.0
How Many Licks Does It Take To Get To The Center Of A Tootsie Pop?,2016-05-19 21:00:01+00:00,387113.0
"I Gave $500,000 To Random People",2018-05-11 22:40:59+00:00,15188878.0
"I Donated $40,000 To A Random Twitch Fortnite Streamer (world record)",2018-04-21 21:07:02+00:00,24548088.0
"5,000 Hype",2015-08-11 10:00:00+00:00,154302.0
"How To Get A Gaming Partnership, And What It Is.",2013-08-08 21:25:32+00:00,99399.0
Toothpaste Life Hacks YOU SHOULD KNOW,2017-06-13 22:30:01+00:00,19767714.0
Pokemon online battles #5 [uu] Heracross never seems to dissapoint me...,2013-03-31 20:49:28+00:00,186518.0
Airplane Pilots Last Words Before Death,2015-08-28 21:56:21+00:00,145467.0
I&#39;m Back! Update Video....,2013-07-19 23:41:14+00:00,189540.0
LISTENING TO OLD VOICEMAILS FOR THE FIRST TIME,2016-08-28 21:00:01+00:00,372700.0
MageCraft - Beginners tutorial. (The app),2014-11-17 02:25:46+00:00,55976.0
HOW TO UNLOCK ANY IPHONE WITHOUT THE PASSCODE,2016-12-21 02:00:00+00:00,23000666.0
Why Do Youtubers Ask For Likes?,2016-03-27 21:50:19+00:00,177287.0
How Much Money Does Smosh Make????? 2016,2015-03-03 01:14:27+00:00,74118.0
"Spot The Difference, Win $10,000",2024-09-28 20:00:00+00:00,195816404.0
"Spot The Hidden People For $10,000",2023-09-28 17:00:01+00:00,686668984.0
Giving Car Keys Instead Of Candy On Halloween,2023-11-09 18:00:00+00:00,342485722.0
Originality - A Youtube Poem By MrBeast6000,2015-09-26 23:04:34+00:00,55953.0
Social Media As A Job????,2015-08-29 18:20:31+00:00,55930.0
YOU ONLY DO YOUTUBE FOR VIEWS,2015-10-29 21:12:15+00:00,81241.0
Big Changes??? Idk just watch the stupid video,2015-05-18 21:29:43+00:00,55964.0
Insane Advanced Warfare Hacker!,2015-06-07 22:58:31+00:00,55877.0
Most Epic Thing In Minecraft!?!?!?!?!?!!?????,2013-03-10 22:19:14+00:00,421302.0
How Many People Get The Diamond Play Button?????,2015-07-25 10:00:03+00:00,1804512.0
Pranks That Went Horribly Wrong,2016-03-19 21:00:00+00:00,2142675.0
6 Uses For Your Advanced Warfare Disk!,2015-09-07 20:40:56+00:00,55540.0
Best FNAF 4 Fake Reactions! So Funny lol,2015-07-25 16:38:00+00:00,89844.0
WORLD&#39;S FIRST BLACK OPS 3 GUN SYNC!!,2015-06-22 01:19:49+00:00,68279.0
Supply Drop Challenge For Charity,2015-07-22 17:59:43+00:00,55542.0
Youtube Dream,2014-07-08 00:17:34+00:00,75470.0
"100 People Trapped Inside 100 Circles For $500,000",2025-03-01 17:00:01+00:00,57304412.0
Battle pirates Hellstrike fail!,2013-12-18 22:31:02+00:00,69459.0
"100 People, 100 Circles, 1 $500,000 Winner",2025-03-01 17:00:01+00:00,10945723.0
Cheat Channels,2015-04-24 01:53:38+00:00,55217.0
Every Minute We Kill Someone,2025-01-25 17:00:01+00:00,90104285.0
Always Changing My Name? Mr.Beast or MrBeast6000,2015-08-03 10:00:03+00:00,180684.0
"Can 100,000 Pieces Of Paper Stop A Bullet?",2017-12-06 22:46:59+00:00,25989373.0
I Got Bored Of Studying So This Happened,2015-10-13 01:15:19+00:00,681774.0
Dear Future Me (Scheduled Uploaded 6 Months Ago),2016-04-04 19:30:01+00:00,2359615.0
This is a block? Since when lol.,2013-01-21 22:30:09+00:00,825115.0
Why Google Does Not Care What We Think....,2013-11-17 01:40:48+00:00,421562.0
People Who Got Rich From Movie Trailers On Youtube,2015-07-29 19:00:00+00:00,94870.0
How Did Notch Become A Billionaire? How Much Did Minecraft Sell For?????,2015-06-12 17:47:14+00:00,111110.0
Youtube Grind,2014-06-28 21:06:46+00:00,109839.0
How Many Youtubers Are Millionaires???,2015-08-04 00:18:58+00:00,115918.0
Update,2014-03-13 00:19:29+00:00,67230.0
Should You Do COD Commentaries In 2016????,2015-12-02 23:51:26+00:00,55420.0
Do You Think You Will Be Famous?????,2015-07-06 22:00:01+00:00,140195.0
How Do Youtubers Make Money? How Do Youtubers Get Paid?,2015-09-29 23:16:50+00:00,116396.0
Career Ender ....  LOL,2013-07-28 17:13:58+00:00,143480.0
Yup I is the best at the game.,2014-04-05 13:00:05+00:00,273419.0
Bronze And Platinum Play Buttons?????,2015-09-13 00:23:55+00:00,1036313.0
Increase Youtube Views 2015! COMMUNITY CHANNELS - Boosting Youtube Views,2015-09-27 21:04:03+00:00,54945.0
Battle Of The Beast Tournament UPDATE!,2015-06-18 23:25:47+00:00,54754.0
Counting To 10000 In One Sitting,2016-02-01 00:27:55+00:00,68298763.0
Hacker in Ghost???? I Couldn&#39;t Kill Him.,2014-06-22 00:27:19+00:00,54685.0
Magic karp sweeps whole team of LEGENDARIES!!!,2013-04-01 23:26:03+00:00,184527.0
"Tipping Pizza Delivery Guys $10,000",2017-08-23 21:44:24+00:00,23083996.0
"Fight For $5,000,000",2024-12-14 18:00:01+00:00,31118425.0
Advanced Warfare DLC 4 Honest Parody,2015-07-29 00:37:21+00:00,54435.0
Should I join FaZe?????,2014-04-04 19:44:52+00:00,842071.0
IF YOU ONLY SEE ORANGE YOU&#39;RE COLOR BLIND,2016-12-05 02:21:43+00:00,1827276.0
IF ONLINE ADS WERE REAL,2016-10-16 20:30:00+00:00,9886303.0
BEST WALMART TOILET PAPER FORT,2016-08-24 21:00:01+00:00,1469364.0
I Donated $1000 Every Time She Blinked - Fortnite Streamers,2018-06-24 21:10:00+00:00,21829899.0
Minecraft Let&#39;s Play! Ep. 1. The Beginning!,2013-07-08 20:03:41+00:00,666854.0
What Is Yanet Actually Thinking?????,2015-08-17 01:24:47+00:00,168916.0
Movie Trailers Be Like,2016-02-15 18:31:34+00:00,107795.0
BLOWING UP MY TABLET,2016-07-01 20:30:01+00:00,175374.0
Time,2015-04-22 21:33:54+00:00,81483.0
"Shark Tank Most Successful Products, Entrepreneurs, Or Businesses 2015",2015-11-08 19:33:42+00:00,145288.0
How Much Do T.V. Commercials Cost?????,2015-08-28 01:40:10+00:00,53962.0
How Much Money Do Youtubers Make? Real Numbers!,2015-08-30 21:37:55+00:00,379219.0
How Many People Have A Silver Play Button????,2015-12-08 22:22:47+00:00,424956.0
Exams Be Like,2015-12-10 00:15:18+00:00,442611.0
The Anti-Beast,2015-12-23 23:51:22+00:00,885225.0
5 Steps To Becoming Successful On Youtube!,2015-08-14 10:00:03+00:00,79934.0
Never Doing This Again‚Ä¶,2024-12-03 17:30:00+00:00,19287154.0
How To Monetize Your Videos And Make Lots Of Youtube Money!!$$$,2015-05-10 20:59:50+00:00,53372.0
Impossible,2014-04-20 01:45:45+00:00,79408.0
Returning Destroyed Rental Cars Prank,2018-07-27 21:09:00+00:00,37102838.0
MY $1000 KEYBOARD CHANGED MY LIFE,2016-11-03 21:32:53+00:00,13426658.0
"Black Ops 3 First Impressions, My First Game",2015-08-19 02:44:52+00:00,53285.0
MrBeast6000Subs,2015-08-23 11:00:00+00:00,888801.0
Emerald tool mod! (minecraft),2013-01-23 22:34:58+00:00,513819.0
Reddit Is In Chaos After Firing Victoria,2015-07-03 20:11:21+00:00,55477.0
Crazy Nub Tub Reactions! Bo2 Fun!,2014-06-13 22:44:22+00:00,53370.0
Pulling Cars Over Using A Toy Police Car,2018-05-13 21:10:01+00:00,24724226.0
How Much Money Does PewDiePie Make?????,2013-11-12 03:18:18+00:00,784088.0
"Battle pirates, How To Auto Lvl 40 Salvages.",2013-12-29 00:32:15+00:00,56732.0
The COD Community? Sleeping With Your Mom?,2015-07-19 17:37:51+00:00,53439.0
Battle Pirates!,2013-09-21 22:18:59+00:00,106093.0
"Giving A Stranger $1,000,000",2024-11-20 17:00:01+00:00,33863144.0
Can You Surf A Pool Table?,2024-10-30 16:00:00+00:00,34875659.0
Top 10 Worst Guns in Call Of Duty History!,2013-07-25 21:36:56+00:00,193018.0
How Much Does Faze Rain&#39;s Giveaway Cost??????,2015-05-30 21:27:08+00:00,52999.0
Channel Trailer....,2013-07-06 18:17:45+00:00,250959.0
How Many Twins Can You Spot?,2024-10-03 18:00:01+00:00,26276222.0
Watching It&#39;s Everyday Bro For 10 Hours Straight,2017-06-17 21:06:02+00:00,28185604.0
How Many Youtubers Are Millionaries?????,2014-02-26 23:52:57+00:00,440758.0
The Vortex SMP Episode 1! Just Derping Around and Explaining Things.,2014-01-18 02:49:24+00:00,120676.0
Summer Is Finally Here!,2015-05-28 21:46:37+00:00,53019.0
"I Gave $20,000 To Random Homeless People",2018-02-17 00:40:00+00:00,47604466.0
Top Subscribed To Channels? BO2 w/ commentary!,2013-07-28 20:50:09+00:00,111565.0
Computer vs Console My Perspective.,2014-06-02 18:08:34+00:00,98500.0
24 HOUR EXPLOSION GIVEAWAY! WIN GIFTCARDS,2016-09-05 22:31:58+00:00,787815.0
"How To Get 1,000 Subscribers On Youtube - Vlogs Gaming",2015-10-15 20:12:22+00:00,90212.0
How To Duplicate Diamonds!!!!,2013-09-15 01:09:42+00:00,166338.0
Random Stuff You Don&#39;t Care About,2015-06-27 23:32:54+00:00,52565.0
How Video Games Boosted My SAT Score. Lol,2014-03-26 23:59:45+00:00,57029.0
Xbox One Destroyer? COD Advertisement Is Free,2015-08-18 01:08:14+00:00,51441.0
How Much Money Does Tmartn Make?????,2014-06-21 18:43:51+00:00,51442.0
Time,2015-08-13 10:00:00+00:00,82743.0
How Much Money Does &quot;Skydoesminecraft&quot; Make????,2014-03-30 01:52:06+00:00,69258.0
How Much Money Does FaZe Rain Make?????,2014-06-18 14:00:09+00:00,64908.0
Youtube,2015-04-14 22:39:24+00:00,86396.0
How Much Money Does Tobuscus Make?????,2014-05-14 23:06:58+00:00,63883.0
Pewdiepie Was On T.V.,2014-12-07 17:51:08+00:00,142738.0
Modern Art Is A Joke,2015-08-15 10:00:01+00:00,60169.0
3k HYPE,2015-07-10 18:05:46+00:00,142630.0
L0114R - Biblical Creeper Post for Post @L0114R,2015-05-15 16:48:54+00:00,51497.0
Youtube &quot;Freinds&quot;,2015-05-23 01:28:10+00:00,86545.0
Magecraft - Epic Hit! 11k Troops killed.,2015-02-21 15:41:14+00:00,51451.0
How To Be MrBeast (Made By Really Old Subscriber),2016-01-23 19:46:56+00:00,66585.0
Insane Gun Sync - 7 Hours To Make,2015-06-21 12:22:34+00:00,51460.0
Best League Player In The Universe.,2014-11-23 17:37:28+00:00,319025.0
HONEST Shout Out Sunday! Free Subscribers!,2015-08-30 18:06:45+00:00,51559.0
How Much Money Does FaZe Make?????,2014-07-09 21:15:15+00:00,51530.0
Is Jacksepticeye A Millionaire?????? 2016,2015-04-09 23:07:38+00:00,191950.0
These Were The Good Days....,2013-09-05 02:14:46+00:00,159635.0
What Happens If You Get A Copy Right Strike??,2015-04-03 19:45:11+00:00,169714.0
Minecraft Mansion Timelapse,2014-02-22 23:51:15+00:00,608818.0
Black ops 2 Invisible equipment and scorestreak glitch!,2013-07-21 18:26:36+00:00,155924.0
Fanboy Opinions On Black Ops 3,2015-08-06 00:58:47+00:00,51647.0
"Battle Pirates, Another Hellstrike Fail.",2013-12-18 23:47:57+00:00,63731.0
How Much Money Does Penguinz0 Make????? 2016,2014-05-16 23:53:55+00:00,90688.0
Call of Duty Ghost Multiplier Reveal Trailer Release Date!,2013-07-30 20:51:42+00:00,107368.0
Highest Paid Musicians????,2015-02-17 21:38:06+00:00,116558.0
How Much Money Does CaptainSparkles Make????? 2016,2014-05-15 20:36:54+00:00,630923.0
"100 Men Vs 100 Women For $500,000",2022-07-23 20:00:09+00:00,220260429.0
I Took Apart My Friends Car And Put It In His Room,2018-05-25 22:41:59+00:00,15857934.0
"100,000 SUBSCRIBERS.EXE",2016-07-08 20:00:00+00:00,1440272.0
Saying &quot;Keep Net Neutrality&quot; For 10 Hours,2017-12-17 20:37:34+00:00,2321966.0
Why I Haven&#39;t Been Uploading,2013-03-25 20:10:38+00:00,752064.0
Walking Dead Daryl DIED (Fan Reaction To Death),2016-03-28 02:10:15+00:00,160451.0
I Made Money Grow On Trees,2018-06-01 22:09:00+00:00,17330124.0
Hi Me In A Year (Scheduled Uploaded A Year Ago),2016-10-04 21:00:01+00:00,1627104.0
How to get unlimited diamonds! minecraft (x-ray),2013-01-26 19:34:43+00:00,524848.0
Huge WW2 jeep! Minecraft creations.,2013-04-21 00:52:21+00:00,529721.0
Epic minecraft apartment complex!,2013-01-27 18:25:46+00:00,475634.0
Gunpowder plus mod! (Grenade mod) Epic explosions for minecraft.,2013-04-21 18:04:39+00:00,193063.0
Drinks in minecraft (mod),2013-01-26 16:26:34+00:00,501286.0
How Much Money Does DramaAlert Make????,2015-05-15 23:53:16+00:00,51126.0
My Top 5 Favorite Things At E3 2015,2015-06-18 17:18:38+00:00,50780.0
Savage Level 9000,2017-03-08 23:10:06+00:00,7333901.0
"I Gave $20,000 To People From An Ice Cream Truck",2018-05-02 22:11:00+00:00,14753155.0
Pokemon online battle #9 [rb] Hidden power ice ftw!,2013-04-07 00:03:02+00:00,163721.0
Reading The Entire Bee Movie Script But Everytime They Say &quot;Bee&quot; I Repeat All the Previous Bees,2016-11-25 01:43:37+00:00,10946448.0
Supply Drops For Charity! Ep #2,2015-07-24 10:00:00+00:00,50371.0
The Anti-Beast (R.I.P. Beast),2015-12-23 23:51:22+00:00,833907.0
Shia Labeouf Motivates Youtubers!,2015-09-19 22:53:26+00:00,317955.0
PSYCHO FRIEND SMASHES MY LAPTOP! (Mc Juggernuggets Parody),2015-11-06 00:07:37+00:00,280707.0
Going To The Connor McGregor fight!,2017-08-28 20:31:04+00:00,6076417.0
Battle of The Beasts Round 2 Winners!,2015-07-01 04:02:27+00:00,50376.0
Money Problems,2014-08-20 17:40:18+00:00,246253.0
Black ops 2 Shotgun gameplay w/ commentary....  Ps4 or Xbox?,2013-07-06 00:13:48+00:00,219395.0
Crazy Illulsions In Minecraft. (Bigre),2013-01-27 02:11:30+00:00,630786.0
100th VIDEO SPECIAL!,2014-01-20 01:17:01+00:00,386961.0
"50,000 Subscribers.exe",2016-06-11 21:01:16+00:00,487663.0
Should I Buy An Elgato Game Capture??,2015-08-07 10:00:00+00:00,50233.0
"I Gave My 5,000,000th Subscriber 5,000,000 ______",2018-06-08 22:36:59+00:00,11303680.0
Worlds Biggest Ball Of TNT Minecraft!  Challenge Video!,2013-08-09 23:45:05+00:00,561668.0
Life Before And After Gamma (Insane) @GFuelEnergy,2016-04-13 23:08:34+00:00,50084.0
MrBeast6000&#39;s Channel Trailer,2015-10-08 20:00:00+00:00,1601062.0
Battle Of The Beast Round 1 Winners!,2015-06-23 19:49:57+00:00,50059.0
WORST THUMBNAILS ON YOUTUBE #3,2016-06-21 20:01:20+00:00,876316.0
"Youtube Networking - Aka Fake Likes, Subs, And Comments",2015-08-21 20:04:55+00:00,49164.0
Making Youtube a Priority,2015-04-01 23:58:35+00:00,54432.0
Pokemon online battle #4 [uu] Same old team,2013-03-28 17:22:43+00:00,202782.0
"Epic Ghost Multiplayer EasterEggs! (PrisonBreak, Sovereign, and Flooded)",2013-11-17 18:26:11+00:00,95973.0
How Overpriced Is Movie Popcorn?????,2015-05-03 18:39:15+00:00,48892.0
I Built 100 Homes And Gave Them Away!,2024-06-29 16:00:00+00:00,43754170.0
"Flappy Bird - Builders Showdown, Which is Better?",2014-02-23 22:29:21+00:00,102499.0
Battle of The Beasts Bracket!!!! (Not accepting anymore),2015-06-20 03:32:30+00:00,48149.0
Best Of FlipArtz - His Best Advanced Supply Drops EVER!,2015-05-29 17:06:25+00:00,88441.0
Giving Away Two $15 Gift Cards (forgive me boyz),2016-01-10 23:32:03+00:00,48844.0
Black ops 2 Patch news!,2013-07-24 20:35:32+00:00,115517.0
Markiplier Is A Great Man! Sub shodleech!,2015-06-09 02:56:28+00:00,170938.0
&quot;Beast&quot; Channel Trailer,2014-03-28 21:01:57+00:00,58778.0
How Much Money Did Gangnam Style Earn??? 2016,2014-11-26 22:53:11+00:00,86616.0
10 Minutes To Escape Or This Room Explodes!,2024-04-27 16:00:00+00:00,81379543.0
Deal or No Deal with Howie Mandel,2024-04-23 16:00:01+00:00,23249508.0
Project Zomboid let&#39;s play ep. [02] Just some chores.,2013-06-15 19:54:37+00:00,113302.0
"How To SAT, Get Into Yale",2015-04-13 11:08:02+00:00,46367.0
Who Founded Faze? Who Created Faze Clan?,2016-03-18 00:23:07+00:00,2028268.0
THE WORST THINGS EVER TO EXIST,2016-11-19 00:40:47+00:00,3751599.0
Why Are Things Unbalanced In Video Games?????,2015-05-28 20:36:06+00:00,67874.0
Pick A Case,2024-04-23 16:00:01+00:00,2320520.0
Selling PS4 For $250 + Elgato For $100!,2015-09-16 22:26:34+00:00,46309.0
I Rescued 100 Abandoned Dogs!,2023-12-23 17:00:00+00:00,155378440.0
Things I Hate #2 - Youtube Edition,2016-02-09 01:26:28+00:00,159565.0
"20,000",2016-03-08 00:35:01+00:00,161872.0
Best Hellstrike Build???? (Battle Pirates),2013-12-29 17:10:57+00:00,46441.0
Reacting To The Reaction Of The Reaction To The Reaction Of The Reaction Of The Reaction To The Reac,2017-02-22 00:00:04+00:00,7665314.0
Beast $500ish Youtube PC Great For Making Videos!,2015-08-12 10:00:00+00:00,70072.0
Train Vs Lamborghini,2024-03-16 16:00:00+00:00,49144241.0
FREE TO USE BO3 GAMEPLAY - 1080p,2015-11-03 01:58:07+00:00,47749.0
"Tank Vs $500,000",2024-01-13 17:00:00+00:00,92798248.0
Is Being A Youtuber Hard? Is Being A Youtuber Worth It?,2015-10-04 20:35:42+00:00,83985.0
"Donating $10,000 To Fortnite Streamers If They Win",2018-03-03 23:21:02+00:00,11322563.0
Struggles Of Being A Youtuber,2016-04-19 21:30:01+00:00,115180.0
"I Dropped $20,000 From A Drone",2018-03-08 00:13:02+00:00,7751196.0
"Tipping Uber Drivers $10,000",2017-08-30 22:40:02+00:00,4608325.0
Low Bridge Causes Dozen&#39;s Of Wrecks! 11-8 Bridge,2015-07-10 21:56:20+00:00,42745.0
Ma Channel,2015-04-29 23:50:00+00:00,42544.0
I NEED 1 MORE SUBSCRIBER,2023-10-05 17:00:01+00:00,254100634.0
Subscribers.,2014-03-08 03:52:13+00:00,88107.0
Whats That Song Name?,2015-12-24 17:01:11+00:00,185026.0
Reaction Channels Are Stupid??????? #JCTG,2016-01-05 01:49:06+00:00,60798.0
I Can&#39;t Break My Strange Addiction,2017-03-19 21:45:07+00:00,1857631.0
Microwaving Dry Ice (Microwave Explodes),2017-02-09 22:29:35+00:00,3317288.0
"Battle Pirates, Hellstrike vs Epic Base!",2013-12-24 00:00:20+00:00,50415.0
How Rich Is Buzz Feed???,2015-04-07 11:16:50+00:00,46653.0
The History Of Pewdiepie In 2 Minutes,2015-07-14 10:00:01+00:00,214221.0
WORST REVIEWS ON AMAZON #2 HOW IS THIS LEGAL?,2016-07-02 20:30:01+00:00,1179711.0
SpiderMan Robs Walmart?????,2015-07-26 19:21:24+00:00,41748.0
Dude Perfect 3.0 - We Are Better,2016-04-04 21:30:00+00:00,686825.0
2015 Year Highlights,2015-12-30 20:18:43+00:00,58762.0
Subscriber Goals For 2017,2016-03-09 23:35:32+00:00,64512.0
"SELLING ORGANS FOR $1,000,000",2016-08-02 20:02:21+00:00,3568426.0
"Spam404 Has Terminated 5,000,000 Videos (Including Pewdiepie)",2015-11-26 17:36:51+00:00,102147.0
Should College Athletes Be Paid?????,2014-03-29 00:18:35+00:00,63949.0
OpTiC NaDeShOt Got Hack!!,2013-11-27 19:37:44+00:00,59158.0
Project Zomboid Lets Play ep [01] Roughing it out!,2013-06-15 00:03:38+00:00,166442.0
Fun In COD. - Insane Reactions Lol,2014-06-10 19:01:43+00:00,40820.0
How much money does VanossGaming Make? 2016,2014-11-02 16:06:08+00:00,234292.0
Pokemon online battle #2 [uu] Herracross w/ Dat MOXIE BOOST,2013-03-26 16:58:32+00:00,206647.0
"Battle Pirates, Hellstrike Too Overpowered????",2013-12-14 15:58:11+00:00,50367.0
Double Agent (Short Film),2015-11-01 14:33:38+00:00,127239.0
"$1 Vs $500,000 Plane Ticket!",2023-04-01 20:00:04+00:00,268644501.0
"$1 Vs $1,000,000,000 Yacht!",2023-06-10 16:00:00+00:00,251669522.0
"$1 Vs $250,000 Vacation!",2023-08-12 15:59:59+00:00,181580392.0
"$1 Vs $1,000,000 Hotel Room!",2022-10-22 21:00:00+00:00,307774334.0
"$1 Vs $100,000,000 Car!",2023-09-16 16:00:01+00:00,157443724.0
"$1 Vs $100,000,000 House!",2023-10-14 16:00:00+00:00,113894482.0
Every FaZe Video Ever #karnageRC,2015-06-04 19:09:17+00:00,39782.0
Why I Was Not Uploading,2015-03-21 22:11:51+00:00,40305.0
"Battle Pirates, lvl 66 vs Missile Cruiser x Fleet!",2013-12-17 18:56:41+00:00,47911.0
"Reacting To Family Accounts (MamaBeast, MrBeast&#39;sLaptop, Etc)",2015-12-22 22:30:23+00:00,920354.0
Lamborghini Vs Shredder,2023-09-02 16:00:00+00:00,82784995.0
Metal Pipe Vs. School Bus,2023-08-22 17:00:00+00:00,131901573.0
"$300,000 Influencer Trivia Tournament!",2020-10-18 00:19:57+00:00,61006697.0
"$250,000 Influencer Rock, Paper, Scissors Tournament",2020-04-26 01:36:25+00:00,48301927.0
Making Fun Of Youtuber&#39;s Intros.,2015-02-16 19:45:42+00:00,297792.0
Worst Reviews On Amazon #1 (Minecraft Edition),2016-06-26 21:24:27+00:00,702671.0
"How Much Money Do Big Youtubers Make? (Pewdiepie, Markiplier, etc)",2016-04-22 21:02:56+00:00,93428.0
OMG! INSANE CUP FORT,2017-03-14 22:40:01+00:00,4090807.0
The Evolution Of My Youtube Banners,2015-11-18 21:16:57+00:00,58397.0
GIVING AWAY $100 ITUNES GIFT CARDS,2016-04-01 20:45:18+00:00,108638.0
Modern Art Is A Joke,2015-04-25 15:02:30+00:00,36613.0
FaZe Members Reaction&#39;s To Joining Faze,2015-07-01 19:56:45+00:00,561383.0
INSANE TRIPLE LEGENDARY SUPPLY DROP! BEST OPENING YET?,2015-07-11 20:08:50+00:00,44229.0
Is Michael Bay My Dad????????,2016-01-18 21:46:21+00:00,62975.0
Top Youtube &quot;ShoutOuts&quot;,2014-07-09 00:07:05+00:00,36633.0
50k Video Views!!!! EpicSauce!,2013-09-08 22:20:48+00:00,195055.0
New Uploads,2022-10-22 19:44:08+00:00,
"Battle Pirates, Unstoppable Ship!",2013-12-29 21:05:08+00:00,35956.0
"Battle Pirates, my base.",2013-12-31 14:48:55+00:00,46855.0
Leaving For 7 Days,2015-08-09 14:26:58+00:00,39197.0
World&#39;s Worst Thieves,2015-07-28 17:17:48+00:00,65616.0
What Can You Cut With Paper?,2017-12-14 22:30:02+00:00,28738449.0
I Bought An Abandoned Storage Unit And Found This..,2017-12-01 23:44:58+00:00,34943801.0
I Starved Myself For 30 Days,2022-07-02 20:00:02+00:00,78767075.0
"100 Girls Vs 100 Boys For $500,000",2022-07-23 20:00:09+00:00,133719810.0
"If You Press This, I‚Äôll Pay...",2021-02-13 21:00:01+00:00,50788074.0
How Tall Are You?,2023-02-14 21:00:14+00:00,29289143.0
V√≠deos,2022-11-18 19:54:00+00:00,
"Surprising My Girlfriend With 100,000 Roses For Valentines Day",2020-02-14 21:00:04+00:00,81733426.0
"100,000,000 Subscriber Special",2022-07-31 21:00:01+00:00,24540875.0
Uploads,2022-10-22 19:44:08+00:00,
100 Person Extreme Hide &amp; Seek!,2022-09-03 19:59:59+00:00,48251367.0
"I Put 1,000,000 Christmas Lights On A House (World Record)",2020-12-23 21:00:06+00:00,65967961.0
"Counting To 300,000 Road To A Mil (Part 1)",2017-04-02 11:22:45+00:00,2859961.0
"Can 10,000 Condoms Stop A Bullet?",2017-12-28 23:10:01+00:00,12820457.0
"I Hunted 100 People For $1,000,000",2022-09-03 19:59:59+00:00,33798145.0
I Cant Believe What Was In This Abandoned Storage Unit..,2017-12-16 23:09:01+00:00,23908905.0
"Dropping 10,000 Pennies In Public Prank",2017-03-28 21:05:04+00:00,4689314.0
"I Gave My 100,000,000th Subscriber A Private Island",2022-08-04 19:59:59+00:00,12699459.0
How Many Balloons Does It Take To Float?,2017-12-30 22:19:15+00:00,24451805.0
